{
  "title": "Untitled Project",
  "description": "",
  "head": "<meta charset=\"UTF-8\" />\n<meta name=\"viewport\" content=\"width=device-width, initial-scale=1.0\" />",
  "htmlAttrs": "lang=\"en\" class=\"\"",
  "tags": [],
  "autoupdate": true,
  "autosave": false,
  "autotest": false,
  "delay": 1500,
  "formatOnsave": false,
  "view": "split",
  "mode": "full",
  "theme": "dark",
  "layout": "responsive",
  "recoverUnsaved": true,
  "showSpacing": false,
  "welcome": true,
  "readonly": false,
  "allowLangChange": true,
  "activeEditor": "script",
  "markup": {
    "language": "html",
    "content": ""
  },
  "style": {
    "language": "css",
    "content": ".container,\n.container button {\n  text-align: center;\n  font: 1em sans-serif;\n}\n.logo {\n  width: 150px;\n}\n"
  },
  "script": {
    "language": "react",
    "content": "import React, { useState } from 'react';\n\nfunction App() {\n  // Состояние для отслеживания текущего экрана\n  const [currentScreen, setCurrentScreen] = useState('main');\n  \n  // 10 разных фонов для экранов\n  const backgrounds = {\n    main: '#F5F5DC', // Молочный\n    screen1: '#FFB6C1', // Розовый\n    screen2: '#ADD8E6', // Голубой\n    screen3: '#90EE90', // Зеленый\n    screen4: '#FFFFE0', // Желтый\n    screen5: '#D8BFD8', // Фиолетовый\n    screen6: '#FFDAB9', // Персиковый\n    screen7: '#B0E0E6', // Пудровый\n    screen8: '#F0FFF0', // Медовый\n    screen9: '#F0F8FF', // Небесный\n    screen10: '#FAEBD7', // Слонячий\n  };\n  \n  // 10 разных надписей\n  const screens = [\n    \"Приключения\", \"Путешествия\", \"Открытия\", \n    \"Исследования\", \"Тайны\", \"Секреты\", \n    \"Чудеса\", \"Волшебство\", \"Фантазии\", \"Мечты\"\n  ];\n  \n  // Стили контейнера\n  const containerStyle = {\n    width: '100vw',\n    height: '100vh',\n    margin: 0,\n    padding: 0,\n    backgroundColor: backgrounds[currentScreen],\n    transition: 'background-color 0.5s ease',\n    position: 'relative',\n    overflow: 'hidden',\n  };\n  \n  // Стили для надписей на главном экране\n  const mainTextStyle = {\n    position: 'absolute',\n    fontSize: '24px',\n    fontWeight: 'bold',\n    cursor: 'pointer',\n    padding: '10px',\n    backgroundColor: 'rgba(255, 255, 255, 0.7)',\n    borderRadius: '5px',\n    transition: 'transform 0.3s ease',\n  };\n  \n  // Стили для возврата на главный экран\n  const returnButtonStyle = {\n    position: 'absolute',\n    top: '20px',\n    left: '20px',\n    padding: '10px 20px',\n    backgroundColor: 'rgba(0, 0, 0, 0.7)',\n    color: 'white',\n    border: 'none',\n    borderRadius: '5px',\n    cursor: 'pointer',\n  };\n  \n  // Позиции для 10 надписей на главном экране\n  const positions = [\n    { top: '10%', left: '10%' },\n    { top: '10%', left: '30%' },\n    { top: '10%', left: '50%' },\n    { top: '10%', left: '70%' },\n    { top: '30%', left: '10%' },\n    { top: '30%', left: '30%' },\n    { top: '30%', left: '50%' },\n    { top: '30%', left: '70%' },\n    { top: '50%', left: '10%' },\n    { top: '50%', left: '30%' },\n  ];\n  \n  return (\n    <div style={containerStyle}>\n      {/* Кнопка возврата на главный экран (показывается не на главном экране) */}\n      {currentScreen !== 'main' && (\n        <button \n          style={returnButtonStyle}\n          onClick={() => setCurrentScreen('main')}\n        >\n          На главную\n        </button>\n      )}\n      \n      {/* Отображаем надписи только на главном экране */}\n      {currentScreen === 'main' && screens.map((text, index) => (\n        <div\n          key={index}\n          style={{\n            ...mainTextStyle,\n            top: positions[index].top,\n            left: positions[index].left,\n          }}\n          onClick={() => setCurrentScreen(`screen${index + 1}`)}\n          onMouseOver={(e) => e.target.style.transform = 'scale(1.1)'}\n          onMouseOut={(e) => e.target.style.transform = 'scale(1)'}\n        >\n          {text}\n        </div>\n      ))}\n    </div>\n  );\n}\n\nexport default App;"
  },
  "stylesheets": [],
  "scripts": [],
  "cssPreset": "",
  "imports": {},
  "types": {},
  "tests": {
    "language": "typescript",
    "content": ""
  },
  "tools": {
    "enabled": "all",
    "active": "console",
    "status": "closed"
  },
  "zoom": 1,
  "processors": [],
  "customSettings": {},
  "useTabs": false,
  "tabSize": 2,
  "lineNumbers": true,
  "wordWrap": false,
  "closeBrackets": true,
  "foldRegions": false,
  "semicolons": true,
  "singleQuote": false,
  "trailingComma": true,
  "emmet": true,
  "enableAI": false,
  "version": "46"
}